customer_id,customer_name,customer_address,customer_email,customer_phone_number,birthdate
0,Allison Hill,819 Johnson Course-East William- AK 74064,allisonhill66@gmail.com,886.737.9402,10/11/1992
1,Phillip Garcia,9407 Teresa Lane Apt. 849-Barbaraland- AZ 87174,phillipgarcia12@gmail.com,441.731.6475,7/21/1993
2,Mia Sutton,327 Nelson Route-Lake Mark- WI 07832,miasutton34@gmail.com,505.964.1395,12/15/1993
3,Judy Baker,969 Cox Dam Suite 101-Lake Ernest- TX 55834,judybaker29@gmail.com,+1-616-769-7848x018,2/12/1991
4,Jesse Mckay,281 Skinner Parkways Apt. 252-New Mariotown- DE 48077,jessemckay75@gmail.com,430-639-1171x8227,4/12/1995
5,Tracey Hickman,465 Lam Mission-East Jeffreymouth- AK 77611,traceyhickman70@gmail.com,-1999,9/16/1990
6,Michael Lewis,76311 Gomez Loop Suite 010-Chandlerville- IA 25613,michaellewis89@gmail.com,387.926.2473,1/29/1998
7,Annette Pearson,32677 Michelle Circle-South Aaron- MS 35261,annettepearson17@gmail.com,246.787.2343x098,7/28/1990
8,Kathryn Farrell,19136 Shelly Port-New Brooke- RI 11246,kathrynfarrell47@gmail.com,(799)385-4353x46247,2/4/1990
9,Kristine Garcia,51354 Samuel Plains Suite 980-Sarahville- FM 18102,kristinegarcia12@gmail.com,911-682-4493x534,1/20/1999
10,Anna Henderson,2427 Hoffman Creek-Lake Rebeccaside- AZ 48894,annahenderson29@gmail.com,001-782-562-0450,10/26/1996
11,Heather Castro,22602 Patton Loop-West Erik- UT 14669,heathercastro54@gmail.com,(707)633-7543x3036,8/23/1998
12,Diana May,14294 Daniel Mews Suite 569-South Rachelborough- KS 06318,dianamay12@gmail.com,001-360-688-3561x595,1/27/1995
13,Erika Terry,6299 Sullivan Village-West Justinchester- WY 76520,erikaterry27@gmail.com,+1-757-377-3872x148,3/8/1998
14,Megan Walker,37917 Mercado Ports-Lake Heather- NM 52884,meganwalker67@gmail.com,220.516.3287,3/5/1999
15,Casey Marshall,9868 Merritt Summit Suite 743-Katiehaven- NM 82650,caseymarshall58@gmail.com,347.414.3455,7/5/1991
16,Christian Lewis,760 Marissa Loaf Apt. 967-West Kennethfurt- PR 55422,christianlewis29@gmail.com,-4592,5/12/1993
17,Jennifer Martin,806 Christopher Meadow-Port Steven- AR 34600,jennifermartin62@gmail.com,(253)775-5646x4170,3/29/1992
18,Tyler Williams,09232 Caldwell Port-South Holly- WI 48852,tylerwilliams82@gmail.com,(699)812-4190,12/19/1993
19,Angela Vaughn,491 Michael Meadow-Caseymouth- AL 55558,angelavaughn10@gmail.com,916.857.2628x4987,4/4/1998
20,Erica Sanchez,USNV Keith-FPO AE 98867,ericasanchez81@gmail.com,699.765.0752x735,10/18/1992
21,Sheryl Peters,36783 Brewer Overpass-Mcguireland- LA 29546,sherylpeters72@gmail.com,(934)695-7885x6855,1/24/1993
22,Nathan Stewart,37498 Hooper Village-West Jeremy- HI 40119,nathanstewart40@gmail.com,9823400842,9/23/1998
23,Julie Alexander,7116 Jones Roads-East Edwardshire- ME 11665,juliealexander23@gmail.com,818.969.9938,1/31/1999
24,Kevin Patterson,133 Guerrero Estate-East Andrea- GA 00851,kevinpatterson95@gmail.com,(579)874-0344x71349,2/24/1991
25,Chase Baker,49947 Taylor Hollow-Benderhaven- ND 65223,chasebaker39@gmail.com,219.606.5940x139,10/6/1995
26,Casey Stone,96717 Ortiz Islands Apt. 256-Robertsfurt- GU 72603,caseystone18@gmail.com,2719545168,2/18/1994
27,Isaiah Avila,48247 Martinez Roads-Lake Eric- OH 02293,isaiahavila18@gmail.com,-8418,2/26/1994
28,Mr. Jesus Thomas,46584 Justin Hills-Grimesmouth- ND 63984,mr.jesusthomas85@gmail.com,(858)286-7533x963,3/7/1993
29,Thomas James,Unit 2702 Box 8951-DPO AA 13570,thomasjames63@gmail.com,870.726.2174x59615,4/8/1996
30,Katherine Weaver,431 Good Trace-South Garrettport- MH 04295,katherineweaver81@gmail.com,8504455623,9/13/1991
31,Seth Harvey,74740 Santana Springs-North Scott- MI 77515,sethharvey74@gmail.com,664-674-3671x3695,3/22/1990
32,Jennifer Smith,743 Robinson Field-Ericaberg- SC 13236,jennifersmith57@gmail.com,+1-504-470-9521x4562,11/12/1997
33,Holly Shaw,7451 Mccarty Divide-Port Erica- TX 52590,hollyshaw96@gmail.com,-6227,11/5/1995
34,Teresa Rodriguez,859 Deborah Roads-Blankenshipport- SD 54017,teresarodriguez43@gmail.com,420-804-7113,7/15/1994
35,Natalie Bautista,1796 Johnson Land-South Sean- IA 48038,nataliebautista59@gmail.com,958-350-6431,8/17/1996
36,Linda Smith,93183 Lisa Fort-Kimtown- KY 19465,lindasmith83@gmail.com,(584)721-0205,2/27/1990
37,Cameron Fisher,7589 Shannon Forges-Lake Kristahaven- ME 60537,cameronfisher65@gmail.com,+1-400-376-6177x1159,4/6/1991
38,Lauren Joseph,8961 Melissa Run Apt. 673-Morganmouth- MO 55025,laurenjoseph86@gmail.com,001-815-365-4527x1111,6/12/1997
39,Carlos Brown,USNV Santiago-FPO AA 46847,carlosbrown61@gmail.com,+1-360-749-4519x83273,6/15/1998
40,Phillip Andrews,402 Park Inlet-Michaelburgh- VI 19277,phillipandrews72@gmail.com,001-861-920-1836,5/29/1993
41,Nathan Frank,22901 Ramos Manors-Lawsonchester- KY 28756,nathanfrank14@gmail.com,001-281-256-1497x84036,1/17/1992
42,Pamela Duran,76226 Vincent Village-Charleston- NE 02957,pameladuran30@gmail.com,715.496.9664x160,1/5/1998
43,Sandra Gillespie,69681 Harrell Summit-Jeffreyburgh- CA 67411,sandragillespie35@gmail.com,+1-418-483-5523x1243,8/8/1997
44,Cassandra Mejia,995 Hernandez Cliff Suite 744-West Williamport- NH 59734,cassandramejia17@gmail.com,8059411998,10/21/1995
45,Nancy Williams,PSC 9359- Box 7820-APO AA 14067,nancywilliams30@gmail.com,618-820-3778x89255,2/1/1994
46,Kyle Mccormick,1864 Cummings Shoals-West Christopher- TN 19038,kylemccormick18@gmail.com,(346)829-1486x528,1/31/1995
47,Eric Bean,32214 William Plains Apt. 592-Mooreburgh- MP 91313,ericbean34@gmail.com,001-592-670-6537x94738,8/28/1999
48,Stephanie Lee,4688 Burch Viaduct Apt. 924-Lake Timothystad- OH 13947,stephanielee66@gmail.com,001-581-941-2478x261,11/5/1998
49,Jennifer Sanders,53051 Moody Dam Apt. 472-Westtown- MH 10885,jennifersanders42@gmail.com,6435289861,1/4/1993
50,Jason Bauer,9808 Jennifer Highway-Smithstad- IA 75299,jasonbauer42@gmail.com,(221)885-1888x88067,10/23/1999
51,Alan Kramer,520 Payne Via-Port Kimberly- NH 91647,alankramer28@gmail.com,822.917.0430x3054,7/14/1992
52,Cheryl Kelly,1566 Kline Lights Suite 277-Sandrahaven- KY 11329,cherylkelly33@gmail.com,001-661-969-2845x1154,1/10/1996
53,Michael Bell,640 Emily Lodge Suite 820-Port Cathy- WY 57933,michaelbell93@gmail.com,4219355690,6/28/1999
54,Phillip Berry,4310 Victor Loaf Apt. 447-New Justin- PW 64883,phillipberry67@gmail.com,712.317.2715,7/2/1995
55,Elijah Moore,8313 Joel Park-West Angelastad- NH 72806,elijahmoore64@gmail.com,(891)314-6786,4/3/1991
56,Benjamin Owens,922 Shaw Ways-Port Davidberg- ME 22082,benjaminowens25@gmail.com,(653)458-4143,4/1/1996
57,Anna Davidson,99590 Christopher Row-Debrashire- MT 81517,annadavidson74@gmail.com,+1-407-984-4736x4710,2/26/1994
58,Gerald Thomas,562 Robertson Coves Suite 371-Shannonberg- CT 07133,geraldthomas24@gmail.com,969-963-2595x3278,10/16/1998
59,Brandon Long MD,04797 Herrera Vista Apt. 624-Kathrynstad- AZ 53006,brandonlongmd43@gmail.com,9986358416,4/3/1998
60,Lisa Anderson,8523 Porter Cape Apt. 257-Hernandezhaven- DC 43488,lisaanderson98@gmail.com,+1-652-969-4958x887,2/27/1998
61,Michael Whitney,749 Jennifer Prairie-Jacksonfurt- FL 89725,michaelwhitney66@gmail.com,409.813.0756,11/26/1996
62,Reginald Knapp,283 Bolton Neck-Edwardsburgh- NH 70379,reginaldknapp59@gmail.com,585-949-7334x84344,3/3/1993
63,Timothy Pope,866 Blevins Unions-West Bobby- VT 10859,timothypope70@gmail.com,(574)573-3848x421,7/5/1990
64,Courtney Hall,712 Tamara Estate Suite 773-Manuelton- PW 12226,courtneyhall85@gmail.com,+1-293-280-2620x6724,12/25/1992
65,Tanya Rogers,87431 Martin Mount Suite 205-Ashleyborough- HI 80580,tanyarogers79@gmail.com,+1-266-685-1612x2753,11/1/1993
66,Derek Rivera,5301 Parker Lodge-Hannahport- MN 81061,derekrivera30@gmail.com,932.572.7956,8/14/1997
67,Linda Cobb,91088 Ashley Drive Apt. 587-Lake Jamieshire- NM 12420,lindacobb12@gmail.com,870.672.8679x08740,3/1/1998
68,Laura Williams,017 Justin Falls-Port Darlene- VA 85157,laurawilliams38@gmail.com,(456)576-6182x51286,5/7/1998
69,Veronica Ford,633 Reed Harbor Apt. 106-East Jamieville- PA 04901,veronicaford33@gmail.com,690.530.6738x302,2/27/1998
70,Emma Harper,42836 Hill Point Apt. 687-West Shellyfurt- WY 69243,emmaharper28@gmail.com,266-824-6287x33427,9/5/1999
71,Brandi Sanchez,5183 Joseph Spring-Port Charlesshire- VA 88509,brandisanchez93@gmail.com,-5304,2/22/1999
72,Michele Sanders,6785 Green Passage Suite 717-Robinstad- MD 54755,michelesanders87@gmail.com,8936204899,7/11/1991
73,James Whitaker,7772 Jackson Stravenue Suite 280-Port Melanieton- WV 01337,jameswhitaker38@gmail.com,(923)212-0387x50997,1/25/1990
74,Alexandra Moreno,86211 John River Suite 546-West Susanmouth- OK 32378,alexandramoreno68@gmail.com,001-234-410-1666x870,10/29/1990
75,Maria Rivera,Unit 1803 Box 3974-DPO AE 10245,mariarivera45@gmail.com,+1-448-590-2503x92614,9/1/1995
76,Megan Fernandez,185 Connor Fort-West Cassiefurt- WI 43279,meganfernandez91@gmail.com,4478735866,11/9/1990
77,Rebecca Marquez,2655 Christopher Inlet-Wardview- CT 17868,rebeccamarquez50@gmail.com,226-378-8861,7/16/1993
78,Kyle Nguyen,6183 Gina Extension Apt. 444-Thomasburgh- NE 36671,kylenguyen33@gmail.com,(647)215-4379x93712,6/28/1999
79,Manuel Brock,9245 Timothy Fall Suite 547-West Nicholas- GU 52003,manuelbrock31@gmail.com,(619)339-8280x737,3/10/1998
80,Jennifer Porter,2661 Ewing Neck-Fergusonchester- ND 05319,jenniferporter59@gmail.com,(789)811-3529x096,1/22/1991
81,Daniel Burgess,5679 Michael Burg-Garciachester- PW 11754,danielburgess33@gmail.com,725-945-7387,12/23/1990
82,Jodi Jones,51238 Andrea Isle-Mullenbury- AS 53591,jodijones62@gmail.com,+1-522-566-0937x9660,10/13/1992
83,Rebecca Ray,5371 Lambert Overpass-Candicefurt- OR 15473,rebeccaray89@gmail.com,(557)692-4991x251,3/4/1991
84,Charles Price,2782 Tracy Dam Apt. 579-Port Michaeltown- NM 18396,charlesprice45@gmail.com,968.487.6767,10/29/1990
85,Philip Carter,79788 Ashley Grove Suite 807-South Curtis- MP 86179,philipcarter29@gmail.com,001-834-407-4517x13395,2/29/1996
86,Robin Trujillo,825 Roberts Grove Apt. 260-Michelleberg- UT 17893,robintrujillo98@gmail.com,825.836.7294,7/9/1994
87,Sheryl Davis,577 Perkins Ways Apt. 751-Robinsonchester- GU 28268,sheryldavis55@gmail.com,345.945.8929x7500,3/1/1990
88,Brooke Bryant,Unit 6324 Box 2415-DPO AA 11304,brookebryant18@gmail.com,(320)464-3611x037,12/9/1995
89,Jill Smith,2713 Davis Valley-North Lawrenceport- DC 50665,jillsmith14@gmail.com,001-922-518-9092x75326,11/13/1990
90,Paul Lawrence,2341 Angela Rapid Suite 043-Lake Peter- SD 07653,paullawrence19@gmail.com,276.713.7918,5/4/1999
91,Scott Carroll,1091 Jose Canyon-Port Raymondport- SC 93906,scottcarroll65@gmail.com,566.461.8892x41418,5/13/1995
92,Mark Davenport,6303 Sandy Crescent-Salazarton- ME 87805,markdavenport80@gmail.com,001-721-402-0275x8842,7/1/1997
93,Morgan Wilson,PSC 5648- Box 1491-APO AA 60164,morganwilson47@gmail.com,250.279.2524x19138,8/2/1998
94,Angel Cox,PSC 2086- Box 3536-APO AP 42435,angelcox15@gmail.com,319-951-8023x806,8/29/1998
95,Emily Miller,49493 Richardson Park Apt. 832-South Andrewside- MI 83855,emilymiller43@gmail.com,001-205-406-4138x367,2/11/1997
96,Thomas Merritt,1918 Dana Lock Apt. 990-Batesberg- IA 38731,thomasmerritt98@gmail.com,356-455-7431x329,1/21/1991
97,Erik Martinez,4741 Eric Spur-Margaretton- IL 43465,erikmartinez57@gmail.com,(413)256-8044,7/10/1999
98,Kristi Pierce,10032 Madison Landing-New Brendaland- AK 08951,kristipierce96@gmail.com,472.815.1070,3/20/1998
99,Allen Vega,44720 Deborah Parks-Andradefort- AR 11998,allenvega86@gmail.com,962-763-8380x657,2/16/1999
100,Jasmine White,40785 Terri Courts-Lake John- ND 97108,jasminewhite11@gmail.com,7397652239,2/20/1999
101,Michael Meza,8427 Christopher Fort-North Alisha- AL 43982,michaelmeza74@gmail.com,+1-732-352-5002x921,9/26/1993
102,Jennifer Garcia,67528 Walker Radial-South Kurt- UT 39103,jennifergarcia70@gmail.com,(720)596-9029,5/24/1996
103,Jon Rivera,2157 Joseph Gateway Apt. 541-North Paulchester- GA 54767,jonrivera57@gmail.com,665.286.1793x2710,3/9/1993
104,Angela Jackson,159 Bush Meadows-New Pamela- GA 07520,angelajackson33@gmail.com,653-536-8844,12/17/1990
105,Joshua Henry,1497 Collin Ford-Lake Kelly- CO 62572,joshuahenry67@gmail.com,446-777-4186,11/8/1998
106,Jeremy Baker,9021 Elizabeth Valley-Arellanoshire- IN 73062,jeremybaker19@gmail.com,6683687937,12/12/1993
107,Amanda Duncan,72233 Brad Common-Harrisberg- MP 78495,amandaduncan48@gmail.com,251-816-8685x487,2/15/1991
108,Keith Aguilar,Unit 1191 Box 4856-DPO AA 50707,keithaguilar50@gmail.com,+1-279-897-0246x2996,11/23/1998
109,David Reese,PSC 5054- Box 4471-APO AE 18115,davidreese94@gmail.com,775-246-9137x3678,2/25/1995
110,Eric Hunter,33030 Williams Lake-West Micheal- NH 66708,erichunter87@gmail.com,(710)435-7972x7985,5/18/1998
111,Ronald Davis,93333 Pearson Passage-Port Kimberlytown- NJ 17843,ronalddavis33@gmail.com,+1-629-503-4944x6657,9/1/1994
112,Samantha Sanders,994 Cohen Orchard Apt. 545-Joseport- ID 20152,samanthasanders54@gmail.com,230.596.5207x44666,6/7/1993
113,Melissa Little,428 Kelly Mountains Apt. 482-Destinybury- MI 29773,melissalittle25@gmail.com,001-346-955-4947x1709,11/23/1998
114,Sharon James,23569 Thomas Wall-Port Christopher- MA 83211,sharonjames91@gmail.com,(450)907-4329,11/7/1997
115,Beverly Hamilton,6008 Jessica Bridge Suite 830-Lake Jessicabury- UT 45635,beverlyhamilton87@gmail.com,721-868-9421x0447,11/17/1998
116,Grace Valenzuela MD,33230 David Station Apt. 648-New Virginiaville- SD 03088,gracevalenzuelamd36@gmail.com,4165761847,12/13/1996
117,Elizabeth Stanley,926 William River Apt. 411-Gonzalezborough- WI 34972,elizabethstanley66@gmail.com,235.364.2087x37530,1/25/1999
118,Maureen Hernandez,143 Hinton Hill-Stevenville- GU 23399,maureenhernandez64@gmail.com,4454561100,4/15/1993
119,Tina Adams,2166 Nelson Lights Suite 621-Lake Jessica- PR 21393,tinaadams23@gmail.com,769-279-7296,8/17/1998
120,Monica Snow,67014 Smith Ways Apt. 588-South Dorothybury- NJ 45819,monicasnow77@gmail.com,+1-762-589-0028x77217,4/23/1993
121,Jonathon Pierce,77971 West Crest-Mcgeetown- CT 53380,jonathonpierce58@gmail.com,(708)280-1994x88375,3/2/1998
122,Evelyn Saunders,711 Aaron Knoll Suite 885-North Pennyfort- DC 94460,evelynsaunders79@gmail.com,001-361-849-3316x3735,6/19/1990
123,Megan Martinez,982 Smith Street Apt. 869-Glassburgh- UT 76333,meganmartinez57@gmail.com,(821)569-9586,9/26/1992
124,Tracy Chavez,848 Joseph Plaza Apt. 339-Glendaberg- VT 85709,tracychavez10@gmail.com,(888)651-5879,10/10/1998
125,Adam Rodriguez,034 Tonya Springs-Dwayneton- UT 39185,adamrodriguez38@gmail.com,880.557.1983,2/9/1995
126,Melissa Schwartz,6580 Julia Flats Suite 359-Port Jenny- ID 39059,melissaschwartz11@gmail.com,621.422.8160x648,8/11/1991
127,Abigail Owens,USS Hernandez-FPO AA 78735,abigailowens92@gmail.com,5944798515,3/17/1995
128,Caitlin Daniels,35554 Stephanie River Suite 801-Seanbury- AZ 89964,caitlindaniels88@gmail.com,261-664-8408x58877,12/25/1998
129,Jose Vaughan,133 Houston Ford-Lucasland- WA 90422,josevaughan84@gmail.com,(607)350-1102,10/1/1995
130,David Hughes,0618 Darlene River Apt. 901-Sarahville- LA 90400,davidhughes37@gmail.com,891-647-6607x2832,8/8/1999
131,Michael Sloan,88210 Ashley Lock Apt. 435-South Rebecca- PR 67682,michaelsloan15@gmail.com,(222)939-4312,6/12/1996
132,Michael King,5231 Harvey Fields Suite 775-Heatherberg- OK 74800,michaelking88@gmail.com,(756)920-5336x452,8/18/1994
133,Eric Arnold,2834 Jessica Brook-Port Bonniefurt- WI 77838,ericarnold94@gmail.com,808.548.8725,11/30/1998
134,Shannon Anderson,5803 Katherine Dam-Mooreshire- OK 86931,shannonanderson17@gmail.com,(775)503-7314,6/6/1990
135,Terry Ward,05184 Lane Port Apt. 665-New Johnbury- NC 53695,terryward53@gmail.com,(657)579-0827x231,7/3/1991
136,Lance Montoya,1777 Brittany Rue Suite 030-New Brittany- DC 83016,lancemontoya16@gmail.com,309.520.2428x69904,6/29/1994
137,Sharon Jackson DVM,842 Nielsen Ranch-East Nicholasberg- CT 02671,sharonjacksondvm77@gmail.com,288.362.9127,12/7/1990
138,Stephanie Ryan,650 Perez Unions Suite 659-South Dennisfort- WI 30976,stephanieryan78@gmail.com,349-286-4300,10/1/1993
139,Robert Ortiz,944 Cunningham Ridge Suite 636-Whiteside- OH 63908,robertortiz21@gmail.com,849-756-2137x213,1/3/1998
140,Melinda Williams,27961 Jose Land-New Benjaminfurt- MO 80974,melindawilliams52@gmail.com,+1-284-590-2770x3843,2/25/1996
141,Heather Pena,Unit 1465 Box 6693-DPO AP 02515,heatherpena58@gmail.com,001-911-884-8955x4393,10/1/1995
142,Jason Rodriguez,1848 Benson Lane Suite 357-Mosleytown- NJ 15740,jasonrodriguez33@gmail.com,516-633-5658x804,12/6/1990
143,Samantha Jones,USCGC Edwards-FPO AE 75698,samanthajones87@gmail.com,723-473-3343x333,10/15/1997
144,Blake Sosa,075 Vasquez Ports-Travishaven- KY 52651,blakesosa47@gmail.com,792.808.6780,8/9/1998
145,Joyce Martinez,003 Carpenter Islands Suite 942-Joelfort- RI 45471,joycemartinez28@gmail.com,(427)563-6556x472,2/21/1998
146,Regina Peters,27026 Taylor Vista-Kristenport- KS 74181,reginapeters57@gmail.com,001-306-912-0347,6/12/1997
147,Isaac Grant,61593 Tiffany Haven Suite 587-Prestonfurt- RI 38056,isaacgrant74@gmail.com,522.756.9961x125,3/3/1993
148,Derek Newman,9876 Ivan Brooks Apt. 341-East Randy- CT 08862,dereknewman27@gmail.com,680.506.8114x9216,6/22/1992
149,Mark Anderson,55778 Dunn Dale-New Carla- SC 98662,markanderson37@gmail.com,+1-796-888-4578x3174,8/6/1992
150,Aaron Ochoa,7807 Evans Trafficway Suite 493-New Nathanielchester- FM 73973,aaronochoa98@gmail.com,(663)626-6341x63894,2/16/1994
151,Catherine Roberts,9735 Edwin Place Apt. 214-Davidmouth- VA 01576,catherineroberts67@gmail.com,912.707.3564,8/21/1994
152,Erin Bridges,USS Adams-FPO AA 09857,erinbridges48@gmail.com,-7818,6/21/1992
153,Christina Moss MD,6452 Julie Plaza-West Timothyport- ID 47742,christinamossmd56@gmail.com,3318365024,11/21/1997
154,Andrew Logan,1327 Gina Junction-North Michaelberg- UT 70801,andrewlogan20@gmail.com,227-835-8573,8/1/1993
155,Steven Washington,739 Amy Islands Suite 498-North Amanda- NV 39255,stevenwashington29@gmail.com,585-770-8620x959,3/18/1997
156,Kimberly Hughes,294 Ortiz Islands Apt. 181-Port Sharonburgh- VI 04600,kimberlyhughes40@gmail.com,617.231.0967,8/30/1993
157,Andrea Conrad,70586 Bauer Centers Suite 801-Christianborough- NC 13230,andreaconrad62@gmail.com,438-863-3839,6/17/1997
158,Laura Craig,22868 Sandoval Place Suite 558-Meganchester- WV 83501,lauracraig30@gmail.com,(259)239-8368x45776,10/30/1999
159,Kelly Holder,35048 Clinton Mount Suite 224-Pamelabury- IN 34087,kellyholder29@gmail.com,619-269-3157x2791,4/22/1997
160,Angela Brown,6139 Cynthia Roads Suite 048-West Amberberg- MD 66351,angelabrown16@gmail.com,001-632-806-7998x136,6/25/1991
161,John Mcgee,68622 Hansen Oval Suite 938-East Charles- WI 56870,johnmcgee66@gmail.com,491-716-6553x55904,2/29/1996
162,Jessica Thomas MD,521 Jodi Gardens-Port Marissa- LA 02301,jessicathomasmd30@gmail.com,914-477-0538x33884,12/13/1996
163,Jamie Escobar,04394 Steven Branch Apt. 645-North Kellyfurt- IN 50400,jamieescobar90@gmail.com,515.679.8123x87800,5/3/1993
164,Christopher Reed,84046 Sherry Harbors Apt. 256-North Jessica- NC 89367,christopherreed86@gmail.com,+1-436-539-2649x578,7/10/1996
165,Melinda Harris,2925 Angela Stravenue-East Lonnieberg- VA 04365,melindaharris16@gmail.com,001-656-564-7423x12209,12/18/1995
166,Alexander Miller,975 Melissa Overpass-Taylorborough- IN 04725,alexandermiller31@gmail.com,(504)863-3312x79757,1/18/1994
167,Nicolas James,177 Natalie Gardens-Terrellton- OH 51278,nicolasjames69@gmail.com,403.947.6447x26490,4/19/1998
168,Nathan Wilson,6570 Shawn Station-South Christopher- MD 91165,nathanwilson29@gmail.com,+1-821-811-7518x6892,6/10/1990
169,George Savage,20644 Roberts Falls-East Susantown- RI 33676,georgesavage21@gmail.com,5779780973,7/16/1994
170,Kyle Smith,830 Eddie Shoal Suite 020-Markland- AR 14773,kylesmith93@gmail.com,(622)749-9982x79501,9/8/1993
171,Barry Simmons,2145 Warren Square Apt. 901-South Jenniferport- NE 80303,barrysimmons60@gmail.com,548-699-5299x78772,10/17/1999
172,Alexander Garrett,660 Bailey Valley-North Danielle- UT 37414,alexandergarrett52@gmail.com,214-448-8501x556,12/10/1991
173,Tammy Mendoza,272 Mcclain Plain-Stevenchester- WA 07843,tammymendoza79@gmail.com,249.758.8039x55124,11/2/1999
174,Sarah Duncan,5046 Tyler Freeway-Shannonport- IL 69326,sarahduncan81@gmail.com,521-750-3178x0782,3/28/1999
175,Kelly Rowe,230 Hughes Way-North Larryton- TX 78395,kellyrowe26@gmail.com,657-501-8409,3/17/1993
176,Donald Flores,2241 Susan Points-East Amyside- MD 36028,donaldflores18@gmail.com,(949)232-1495,4/21/1991
177,Michael Rodriguez,2997 Edwards Viaduct Apt. 817-North Lisa- PW 92067,michaelrodriguez48@gmail.com,817.447.7332x945,12/29/1996
178,Rachel Khan,71577 Justin Keys-New Dakota- GU 94122,rachelkhan47@gmail.com,858-514-8769,3/17/1996
179,Valerie Reyes,9583 Elaine Club Suite 199-Nguyenville- GU 58856,valeriereyes51@gmail.com,(946)219-1965,11/27/1990
180,Stacy Berger,27846 Gonzalez Springs-Kevinport- PW 57481,stacyberger74@gmail.com,001-251-290-9862x405,1/12/1997
181,Heather Callahan,9656 James Plains-Lake Glenn- DC 25172,heathercallahan69@gmail.com,-4846,6/10/1991
182,Mary Proctor,679 Hanson Motorway-Arnoldmouth- MS 47071,maryproctor97@gmail.com,626.890.9738,4/7/1999
183,Amanda Johnson,97128 Marshall Common Apt. 371-Chloemouth- ND 01914,amandajohnson18@gmail.com,678.679.5654x4209,8/13/1990
184,Christopher Williams,Unit 9047 Box 1281-DPO AA 33537,christopherwilliams45@gmail.com,(494)944-0192,9/12/1993
185,Richard Young,1292 Mullins Loop-Youngmouth- VA 84069,richardyoung40@gmail.com,(939)850-4102,10/6/1994
186,Travis Nielsen,4286 Keith Union Suite 658-North Samanthastad- PR 57096,travisnielsen86@gmail.com,+1-545-744-1496x739,10/11/1996
187,Emily Smith MD,81753 King Bypass Apt. 910-New Danielle- VT 16226,emilysmithmd32@gmail.com,692-969-2124,8/9/1996
188,Jesse Carney,2140 Price Circle Suite 427-South Tiffanyborough- RI 51964,jessecarney26@gmail.com,(971)628-6391,1/13/1991
189,Kenneth King,00642 Conway Ports Apt. 877-Powellland- ND 30103,kennethking49@gmail.com,8672198554,4/28/1996
190,Ann Nichols,USS Randall-FPO AA 85408,annnichols47@gmail.com,728.906.3461,11/6/1990
191,Nancy Taylor,6184 Ferguson Village-Levytown- AZ 44971,nancytaylor34@gmail.com,4505613878,4/1/1999
192,Charles Valdez,20204 Stephen Extension-Port Lisaville- NM 78485,charlesvaldez32@gmail.com,+1-731-536-5651x982,8/22/1997
193,Gabriela Martinez,58273 Dennis Turnpike Suite 207-North Adrianland- VT 85927,gabrielamartinez92@gmail.com,001-946-872-3248,5/23/1992
194,Michael Carlson,456 Angela Fields-New Tiffanystad- VI 71243,michaelcarlson49@gmail.com,237.734.0312x77220,11/7/1992
195,Geoffrey Trujillo,08220 Robertson Cliffs-Lake Sean- OR 43226,geoffreytrujillo86@gmail.com,(935)931-5313x63631,7/18/1990
196,Daniel Lynch,73543 Martinez Square Apt. 421-Ellisburgh- WV 45534,daniellynch58@gmail.com,349.829.2983,7/27/1998
197,Zachary Vargas PhD,335 Riley Ramp Apt. 906-North Vickiehaven- AZ 56298,zacharyvargasphd14@gmail.com,667.517.7318x06325,6/23/1996
198,John Torres,7262 Sims Squares-Port Courtneyfurt- MH 91039,johntorres98@gmail.com,780-246-4989x31950,2/10/1991
199,Manuel Diaz,325 Amber Run-Mclaughlinshire- VI 92624,manueldiaz84@gmail.com,335.754.8640,6/14/1993
200,Mr. Bryan Mckinney,9513 Miller Lock Apt. 411-West Daniel- FL 65555,mr.bryanmckinney96@gmail.com,(738)804-6827,6/9/1994
201,Dorothy Brown,569 Rios Turnpike-Toddhaven- MP 72389,dorothybrown92@gmail.com,274.492.4243x754,7/13/1993
202,Christopher Glass,22231 Victoria Ports Apt. 745-East Anna- AZ 87736,christopherglass85@gmail.com,952-757-8284x10672,7/24/1991
203,Kimberly Romero,4929 Morgan Creek Suite 028-West Angelbury- NV 47345,kimberlyromero24@gmail.com,550-293-9834,11/2/1990
204,Megan Rosario,Unit 6375 Box 9980-DPO AP 47826,meganrosario53@gmail.com,(326)556-5045x5478,4/12/1997
205,Willie Lara,629 Douglas Hollow Suite 851-Davischester- SC 36326,willielara29@gmail.com,(628)979-2326x48704,8/5/1995
206,Alexander Smith,46273 David Harbor Suite 195-Cunninghamview- SC 90404,alexandersmith45@gmail.com,415.789.0429x0257,8/20/1991
207,Jason Barr,8183 Kathy Rapid Apt. 855-Josephstad- CT 70548,jasonbarr15@gmail.com,001-852-702-8457,3/18/1999
208,Daniel Gordon,7112 Timothy Inlet-Donmouth- FM 78836,danielgordon43@gmail.com,352.840.1322x34232,11/27/1996
209,Angela Hampton,10890 Wilson Glen-North Kevintown- WV 13149,angelahampton97@gmail.com,493-693-2501,6/27/1999
210,Christopher Mason,911 Allison Stravenue-West George- WV 70903,christophermason33@gmail.com,3134875927,5/7/1998
211,Mrs. Kayla Russell,71827 Bush Point Apt. 157-South Justinport- TX 58691,mrs.kaylarussell79@gmail.com,486.246.3175,12/27/1999
212,Brian Kim DDS,6912 Michael Flat-Jamesfurt- DE 31023,briankimdds50@gmail.com,(474)999-4657x96784,1/30/1991
213,Jonathan Fuller,017 Teresa Light-Ericville- WV 10530,jonathanfuller47@gmail.com,+1-287-273-4778x48588,11/28/1999
214,Barbara Cole,0028 Dyer Expressway Suite 624-Freemanville- OK 88977,barbaracole95@gmail.com,888.797.7828x0647,8/31/1997
215,Antonio Garza,9056 Ronnie Knolls Suite 503-East Deborah- OR 11634,antoniogarza98@gmail.com,001-814-615-2085x076,3/16/1990
216,Alex Stewart,171 Matthew Parkway Suite 294-Taraborough- NM 83789,alexstewart59@gmail.com,583-344-0496,3/6/1997
217,Leslie Nelson,3514 Reynolds Plains Suite 366-Colleenmouth- TN 72271,leslienelson73@gmail.com,(808)229-7374,3/23/1995
218,Charles Hernandez,6513 Adams Heights Apt. 493-Allenberg- ID 04132,charleshernandez23@gmail.com,447.678.6603,5/14/1991
219,Robert Hopkins,700 Lee Hills-South Pennyland- MO 95427,roberthopkins36@gmail.com,(631)998-1898,11/5/1998
220,Bryan Roman,363 Daniel Forest Suite 764-South Amandaville- MD 72032,bryanroman96@gmail.com,(673)842-5754x09003,2/3/1993
221,Heidi Burnett,6064 Davis View-West Jason- FM 21502,heidiburnett61@gmail.com,456.604.1776x561,1/24/1995
222,Lance Li,002 Gibbs Dale Apt. 634-Barbaraville- GA 33217,lanceli58@gmail.com,329.865.7724x29543,9/4/1993
223,James Davenport,89317 Jose Walk-North Richard- NE 79195,jamesdavenport76@gmail.com,321-552-9108x677,2/18/1997
224,Scott Casey,2639 Wanda Haven Apt. 626-North Kelly- KS 31366,scottcasey15@gmail.com,+1-573-859-7107x256,1/31/1997
225,Dawn Davis,75990 Jon River Suite 465-New Blake- HI 34617,dawndavis61@gmail.com,(887)457-2158,8/9/1992
226,William Porter,Unit 4564 Box 4948-DPO AA 57618,williamporter54@gmail.com,(257)528-7032,10/31/1991
227,Christopher Mcdonald,75877 Rodriguez Stravenue Apt. 151-Port Justin- MP 22559,christophermcdonald85@gmail.com,001-584-999-3908x9261,10/8/1996
228,Allison Maldonado,9152 Christopher Village Suite 749-West Taramouth- MD 96386,allisonmaldonado24@gmail.com,001-892-630-4501x8961,10/13/1991
229,Sharon Davis,6421 Henry Meadows-Rebeccaberg- MI 87732,sharondavis95@gmail.com,858-337-7674,7/25/1997
230,Lisa Hamilton,573 Sarah Pine-West Taylorland- PW 63102,lisahamilton17@gmail.com,322-843-8649x0810,2/17/1994
231,Nathan Hess,017 Kristi Ville-Williamschester- FM 92825,nathanhess26@gmail.com,659-377-9452x3219,5/4/1994
232,James Smith,697 Montgomery Ridges Suite 641-East Alexander- DE 02583,jamessmith62@gmail.com,001-930-437-2368x314,9/28/1994
233,Christopher Hernandez,0793 Kenneth Village Suite 050-Lake Melaniechester- MT 65473,christopherhernandez70@gmail.com,001-599-284-0767x8997,4/14/1995
234,Ethan Brown,PSC 6717- Box 9576-APO AE 21647,ethanbrown30@gmail.com,637-857-3839x5972,8/7/1999
235,Megan Navarro,341 Anderson Flats-New Travis- WY 55024,megannavarro20@gmail.com,243.338.0054x5228,5/18/1993
236,Darrell Hoffman,0842 Jasmine Mill Suite 119-Port Annahaven- CT 22396,darrellhoffman89@gmail.com,+1-413-352-4787x1255,6/27/1998
237,Jason Mack,4821 Watson Throughway Suite 532-Cobbberg- AS 56707,jasonmack31@gmail.com,(867)485-0720x81155,5/5/1994
238,Andrew Nielsen,846 Blackwell Squares-Jennifermouth- PW 45610,andrewnielsen62@gmail.com,9487926738,11/16/1998
239,Jennifer Gonzalez,562 Lewis Pass-Adrienneburgh- AK 04156,jennifergonzalez65@gmail.com,-8237,4/8/1996
240,Anthony Curtis,075 Linda Prairie Apt. 544-Lake Nicholas- WA 32958,anthonycurtis47@gmail.com,858-893-5712,10/27/1990
241,Stephen Alvarez,869 Wiggins Prairie Suite 677-Colonberg- NY 17163,stephenalvarez61@gmail.com,372.888.1377x0285,2/7/1991
242,Dylan Mills,4470 Douglas Radial Suite 044-East Lori- NM 00774,dylanmills56@gmail.com,985-710-6794,10/24/1997
243,Nathan Obrien,7251 Hughes Locks Suite 807-Debbieburgh- VT 03752,nathanobrien93@gmail.com,001-248-518-1398,7/4/1997
244,Alicia Barrett,3397 Lindsay Rest-Richardton- NM 03550,aliciabarrett28@gmail.com,662-460-8564x11182,10/30/1991
245,Brittany Farley,520 Kenneth Courts-Douglasmouth- KS 49720,brittanyfarley73@gmail.com,803-339-9378,9/10/1992
246,Juan Jones,48913 Kevin Lodge-Millerhaven- IL 19161,juanjones31@gmail.com,(682)438-6870x079,1/2/1990
247,Karen Harper,3984 Evan Place Apt. 416-Port Donaldside- KY 57119,karenharper45@gmail.com,798.755.4743,2/9/1992
248,Erin Sloan,700 Robert Square-Farmerside- CO 85579,erinsloan69@gmail.com,+1-318-907-1569x5620,9/14/1993
249,Adam Paul,19433 Coffey Camp Suite 793-East Traceyfurt- DE 36853,adampaul36@gmail.com,001-487-328-3999,11/18/1995
250,Bethany Mahoney,08948 Smith Meadow Apt. 566-Davidhaven- NH 65456,bethanymahoney38@gmail.com,(580)730-4687x506,10/26/1990
251,Allison Mclaughlin,Unit 6133 Box 2541-DPO AP 82459,allisonmclaughlin76@gmail.com,307-960-9543,5/20/1992
252,Anthony Cook,971 Riley Corner-North Nicholasland- WY 17217,anthonycook16@gmail.com,2706496110,7/1/1998
253,Luis Jenkins,6769 Matthew Spring-South Zacharyshire- ID 14657,luisjenkins50@gmail.com,609-719-3928,3/18/1994
254,Jill Sanchez,49685 Silva Plains-East Terrance- PA 45445,jillsanchez98@gmail.com,550-589-2038x8065,5/28/1996
255,Barry Lopez,599 Jensen Manor Suite 217-South Jeffreytown- SC 29733,barrylopez98@gmail.com,001-237-793-3756x362,2/6/1990
256,Justin Thomas,03342 Nicole Stravenue Apt. 583-East Andrew- MP 34814,justinthomas16@gmail.com,502-761-5347,2/4/1998
257,Teresa Rowland,Unit 6112 Box 2338-DPO AA 91511,teresarowland28@gmail.com,(759)563-0993x842,7/14/1990
258,Shelley York,Unit 7317 Box 9128-DPO AA 98976,shelleyyork33@gmail.com,+1-685-878-7255x8777,5/19/1996
259,Marie Clark,PSC 7363- Box 4669-APO AE 49535,marieclark93@gmail.com,981-721-4785x390,4/6/1994
260,Jason Ballard,27341 Valenzuela Hill Apt. 431-North Michaelside- ID 44247,jasonballard88@gmail.com,654.244.3928,9/13/1997
261,Gregory Shea,USS Kennedy-FPO AP 20067,gregoryshea88@gmail.com,(733)537-3898x7751,4/15/1994
262,Jennifer Gonzales,2924 Vincent Shoals-Matthewchester- NE 90385,jennifergonzales42@gmail.com,001-868-845-9090x22599,1/16/1992
263,Joseph Lopez,412 Emily Fall Apt. 970-East Chad- MS 37701,josephlopez24@gmail.com,234.481.7058,4/8/1993
264,Jeanne Mayo,1632 Kyle Viaduct Suite 299-Brianahaven- VT 90263,jeannemayo84@gmail.com,943.902.7169x385,8/17/1994
265,Brandon Lucas,PSC 5469- Box 2632-APO AP 96608,brandonlucas72@gmail.com,(576)929-1603x24841,2/10/1994
266,Barbara Wood,7243 Steven Cliffs Suite 656-South Benjamin- KS 15532,barbarawood64@gmail.com,001-925-677-7118x372,6/1/1998
267,Albert Garcia,10427 Thompson Station Apt. 837-Port Cynthiahaven- SD 87341,albertgarcia97@gmail.com,001-716-547-0900x633,1/1/1992
268,Alexis Smith,12206 Lisa Islands-New Jamie- ND 52282,alexissmith68@gmail.com,(913)531-5520x65063,8/30/1990
269,Marie Wood,4971 Johnathan Court-Tinafurt- TX 91428,mariewood10@gmail.com,(952)857-1509,2/10/1995
270,Kathy Bush,143 Todd River-North Devinfort- LA 26979,kathybush82@gmail.com,(663)703-9752,6/8/1996
271,Kelly Madden,35533 Rebecca Shores Apt. 396-Isaiahtown- CA 64941,kellymadden36@gmail.com,530-523-2129,1/28/1995
272,John Martin,93449 Faulkner Flats Suite 715-Grayfort- NV 55904,johnmartin69@gmail.com,496.627.0661x49828,10/21/1993
273,Douglas Hart,73230 Michelle Stream Suite 766-Wallerstad- MS 64667,douglashart93@gmail.com,991-760-1692x3645,12/18/1996
274,Tammy Fitzgerald,0249 Blackburn Drive-Johnshire- TN 21659,tammyfitzgerald21@gmail.com,8114669183,4/19/1998
275,Eric Ponce,461 Daisy Trail Suite 243-Haletown- GA 64952,ericponce20@gmail.com,4117686462,11/12/1991
276,John Shaw,30234 Alexander Road-Port Danaland- LA 11734,johnshaw19@gmail.com,(614)215-0937x7100,8/26/1996
277,Amanda Clark,847 Sherman Rapids Suite 555-Lisastad- TN 52729,amandaclark59@gmail.com,(690)555-1076x2091,9/7/1993
278,Mary Alvarez,50505 Hall Oval-Stevensonland- MI 56588,maryalvarez34@gmail.com,316.649.3289x8027,4/28/1998
279,Victoria Owens DVM,USCGC Bates-FPO AE 32398,victoriaowensdvm63@gmail.com,621.516.0256,3/11/1997
280,Tiffany Lambert,53991 Bennett Stravenue Suite 863-West Darrell- CO 15100,tiffanylambert73@gmail.com,859-231-9525,2/9/1993
281,Cheryl Price,289 Daniel Branch Suite 524-South Erin- FL 79336,cherylprice28@gmail.com,620-895-4814x9737,8/3/1990
282,Brittany Moran,027 Evans Via-North Amy- MA 55870,brittanymoran66@gmail.com,+1-775-266-1844x38612,7/1/1998
283,Judith Martin,2333 Michael Walks Apt. 266-North Cody- NJ 24045,judithmartin33@gmail.com,2183596263,5/29/1992
284,Michael Blevins DDS,6475 David Corner-South Darlenehaven- IN 03519,michaelblevinsdds53@gmail.com,001-999-874-1926,12/25/1992
285,Frederick Reeves,0688 Brown Villages-Port Karenville- HI 79026,frederickreeves90@gmail.com,001-320-687-5102x932,7/7/1998
286,William Hunter,0340 Hopkins Mills-New Tracy- MD 69007,williamhunter85@gmail.com,(598)483-1030x324,1/9/1996
287,Ian Anderson,446 Ricardo Corner-Ericaberg- ND 27208,iananderson18@gmail.com,443-759-8926,12/4/1999
288,Alexander Munoz,186 Mark Corners-Reginaview- FL 30092,alexandermunoz47@gmail.com,901-363-6112x849,4/16/1995
289,Sharon Arnold,56258 Woods Crossroad-Alberthaven- VT 20881,sharonarnold34@gmail.com,+1-722-969-4053x96727,1/9/1995
290,Jeffrey David,1465 Cynthia Club-North Frederick- AR 11587,jeffreydavid10@gmail.com,001-848-270-6827x7881,2/29/1996
291,Nichole Klein,89097 Emily Track Apt. 215-New Michael- AR 55908,nicholeklein78@gmail.com,662.551.5381x4474,1/9/1990
292,Jennifer Leblanc,USS Walls-FPO AP 64499,jenniferleblanc66@gmail.com,2507975451,11/25/1998
293,Henry Garcia,826 Robin Avenue-Port Diane- IN 62196,henrygarcia33@gmail.com,(754)856-2841x7722,1/22/1990
294,Michelle Rodriguez,6502 Stacy Shores-Davidfort- OH 65456,michellerodriguez75@gmail.com,+1-225-568-6211x02258,7/10/1990
295,Jessica Harper,4716 Christina Stream Apt. 341-Virginiabury- TN 56751,jessicaharper59@gmail.com,571.389.2392,4/29/1991
296,William Hickman,06684 Jeffrey Meadow-Brownchester- SD 07271,williamhickman48@gmail.com,214-754-5635x0200,2/14/1992
297,Terry Garcia,5411 Felicia Trail Apt. 555-Johnview- IL 77089,terrygarcia10@gmail.com,(711)629-1093x3711,4/2/1997
298,Christina Le MD,557 Rhonda Cliff Suite 688-East Carolberg- LA 06457,christinalemd16@gmail.com,001-903-867-8812,8/17/1995
299,Lawrence Clark,087 Turner Forges-Jeanetteside- DE 22928,lawrenceclark88@gmail.com,608.234.0242,6/4/1996
300,Rodney Nichols,955 Stacey Plaza Suite 269-Markton- SC 01865,rodneynichols90@gmail.com,(534)924-0891x649,3/16/1992
301,Kevin Morton,3652 Davis Falls-Lopezburgh- ID 75167,kevinmorton58@gmail.com,824.504.2269x3121,7/20/1994
302,Jennifer Ramsey,166 Daniel Bridge-East Johnland- KY 19196,jenniferramsey84@gmail.com,+1-490-601-8513x2797,4/26/1993
303,Anthony Holt,01841 Thomas Fork-East Ronaldberg- MI 86400,anthonyholt61@gmail.com,736-317-2131x4519,8/9/1993
304,Angela Williams,592 Hernandez Shores Suite 945-West Sabrinastad- KS 93733,angelawilliams23@gmail.com,302-325-2677,10/12/1995
305,Diana Davis,Unit 2655 Box 7676-DPO AP 83941,dianadavis21@gmail.com,323-866-8788x78836,4/9/1995
306,Roberta Robinson,30587 Samantha Circle Suite 524-Thomasside- PW 55692,robertarobinson37@gmail.com,833.702.1260,7/17/1990
307,Kevin Woods,25213 Alexander Village-Hernandezburgh- NJ 97960,kevinwoods90@gmail.com,(384)476-5704,8/8/1990
308,Lindsey Thompson,7849 Fletcher Manors Apt. 418-Spenceberg- WA 28270,lindseythompson80@gmail.com,(890)436-2891x7756,7/19/1990
309,Jeff Nelson,503 Martin Coves Apt. 390-Jacobborough- SC 04743,jeffnelson86@gmail.com,241.799.0970,12/7/1990
310,William Walton,USNS Edwards-FPO AA 95618,williamwalton90@gmail.com,(921)256-8182x096,11/25/1992
311,Joel Mcclure,22889 West Curve-Kellychester- AZ 93924,joelmcclure28@gmail.com,001-363-939-9129x71024,12/10/1990
312,Timothy Martin,1127 Andersen Glens Suite 219-Williamsport- MO 54113,timothymartin32@gmail.com,+1-627-258-9551x687,3/16/1996
313,Natalie Sanchez,14629 Nash Fork-Sawyerland- MI 61564,nataliesanchez19@gmail.com,387.711.2166x365,6/4/1993
314,Christy Figueroa,82723 Carroll Rapid Suite 056-Lewisborough- VI 03508,christyfigueroa79@gmail.com,001-564-642-1214x61476,11/4/1991
315,Steven Patterson,USNV Martin-FPO AA 55433,stevenpatterson88@gmail.com,478.726.5960x8931,8/22/1996
316,Morgan Bryan,72751 Baker Stravenue-South Sherryberg- SC 59395,morganbryan46@gmail.com,+1-591-503-3682x9635,9/19/1999
317,Alexis Cervantes,177 Jenkins Knoll Suite 851-South Ross- HI 72951,alexiscervantes65@gmail.com,+1-328-266-4649x111,2/29/1996
318,Jon Walton,PSC 1789- Box 0463-APO AE 60090,jonwalton23@gmail.com,-2673,5/25/1999
319,Katie Adams,3060 Anthony Turnpike Suite 895-Georgeshire- NE 32198,katieadams92@gmail.com,-2320,1/12/1994
320,Christopher Hall,196 Hood Estate-Jamesland- AK 57834,christopherhall86@gmail.com,2924098196,11/1/1999
321,Paula Lopez,3836 Hopkins Harbor-East Courtneyshire- VI 14056,paulalopez96@gmail.com,379-311-2442,12/10/1994
322,Ryan Myers,1713 Brooks Island-Stokesburgh- ME 01830,ryanmyers82@gmail.com,(299)401-5579,3/21/1995
323,Bryan Obrien,51305 Jeffrey Stream-West Joshua- ID 12555,bryanobrien88@gmail.com,(684)877-6863x423,1/11/1991
324,Laurie Martin,7694 Dean Rest Suite 639-Nathanielland- NV 22422,lauriemartin12@gmail.com,8842964985,2/23/1991
325,Jessica Lopez,552 Martinez Island-Lake Markmouth- OK 42648,jessicalopez75@gmail.com,381.664.9383,2/28/1997
326,Rhonda Powers,655 James Unions Suite 704-Wilsonmouth- GA 79331,rhondapowers39@gmail.com,296-239-0409x07426,5/17/1993
327,John Gallegos,5561 Snyder Causeway Suite 477-Port Nathanielville- AK 29863,johngallegos92@gmail.com,5027156321,2/28/1998
328,Abigail Watts,04145 Nelson Extension-New Steven- DC 42356,abigailwatts81@gmail.com,(996)971-8839,10/6/1999
329,Nicholas Perez,158 Donna Street Apt. 117-East Alexanderborough- NH 50971,nicholasperez86@gmail.com,671.953.9885,7/21/1996
330,Ashley Anderson,PSC 6798- Box 3631-APO AA 55956,ashleyanderson82@gmail.com,(249)912-7113,11/15/1991
331,Matthew Chavez,6326 Romero Center-Nelsonville- AR 85517,matthewchavez33@gmail.com,(863)343-6294x8978,10/23/1996
332,Tina Robinson,431 Joshua River-Myersville- IN 96697,tinarobinson80@gmail.com,001-447-932-3549x401,5/23/1997
333,Melissa Jackson,57207 Cook Fall-Nicoleburgh- TX 01776,melissajackson19@gmail.com,+1-657-590-7371x009,4/3/1995
334,Charles Davis,7584 King Mount Apt. 545-Rodriguezhaven- VA 84360,charlesdavis87@gmail.com,8267325703,1/24/1992
335,Thomas Gray,878 Joseph Springs Suite 569-Landryview- ME 25479,thomasgray86@gmail.com,7986591679,2/7/1991
336,Timothy Thomas,824 Roberts Union Suite 070-West Margaret- DE 07473,timothythomas29@gmail.com,440.365.0042x5488,2/17/1997
337,Nicholas Reynolds,PSC 4307- Box 5366-APO AA 13364,nicholasreynolds82@gmail.com,449-842-9659x234,7/18/1995
338,Bradley Knight,6128 Benson Parkway-Taylorchester- NH 55617,bradleyknight50@gmail.com,(470)680-6129x43985,7/15/1990
339,Beth Santiago,10415 Lynn Port Suite 501-Lake Jamieberg- OH 97549,bethsantiago37@gmail.com,423.324.4079x3110,3/14/1995
340,Brian Johnson,14672 Meagan Plains Suite 979-South Dustintown- HI 19072,brianjohnson80@gmail.com,001-732-688-3774x4197,11/29/1993
341,Ashley Butler,7196 Beverly Bypass-Williamsstad- DC 61830,ashleybutler30@gmail.com,001-374-402-5883x5868,7/23/1996
342,Nathan Morgan,4617 Estes Rest-New Jeanette- NY 86865,nathanmorgan12@gmail.com,542.359.9599x61002,8/26/1996
343,Mr. Franklin Hall DDS,PSC 3126- Box 6109-APO AA 15505,mr.franklinhalldds27@gmail.com,9178590251,5/2/1991
344,Kristie Gonzalez,32683 Brandi Roads Apt. 302-West Kimshire- ND 09933,kristiegonzalez39@gmail.com,328-973-3978x55982,4/11/1994
345,Benjamin Miller,17309 Johnson View Suite 465-Port Monicaport- CA 70548,benjaminmiller86@gmail.com,001-338-998-4690,5/15/1999
346,Miss Amanda Fisher,38503 Jones Port-West Tinachester- PA 97401,missamandafisher96@gmail.com,+1-718-872-4010x783,10/11/1994
347,Sherri Perez,USS Ayala-FPO AE 70517,sherriperez34@gmail.com,+1-460-387-0662x668,5/19/1994
348,Vickie Richardson,33190 Robert Terrace Apt. 030-North Davidburgh- LA 06231,vickierichardson67@gmail.com,559-934-2967x11148,1/19/1997
349,Stephanie Trevino,8438 Flores Plains Apt. 056-Ramirezborough- PW 18475,stephanietrevino45@gmail.com,934.283.1520x37710,9/14/1992
350,Elizabeth Hanna,0667 Jeffrey Light Apt. 680-Anthonystad- AK 80289,elizabethhanna97@gmail.com,001-654-993-0596x60186,3/28/1994
351,Patricia Green,USCGC Reese-FPO AE 17785,patriciagreen57@gmail.com,8442138459,2/26/1996
352,Matthew Patton,49542 Ford Mill-South Benjaminstad- NJ 84091,matthewpatton93@gmail.com,-2542,5/28/1994
353,Richard Green,229 Jesse Shoal-East Gabriellemouth- OR 42094,richardgreen20@gmail.com,2835044058,7/1/1993
354,Jeremy Dixon,561 Liu Divide Apt. 595-Theresastad- NJ 39044,jeremydixon96@gmail.com,+1-702-750-4290x193,5/26/1999
355,Kevin Sandoval,39898 Ryan Crossing-New Thomashaven- NC 58306,kevinsandoval25@gmail.com,943-894-3535x37513,8/14/1993
356,Jonathan Melendez,6392 Kimberly Lodge-New Jorge- LA 45271,jonathanmelendez95@gmail.com,311-866-8297x32702,8/19/1992
357,Tara Newton,0212 Strong Knoll-South Heidi- IA 93822,taranewton33@gmail.com,915-859-9910x1576,11/22/1992
358,Chad White,09957 Flores Fall-Shirleyville- IN 39475,chadwhite19@gmail.com,450.498.8986x4565,6/3/1990
359,Sonya Simon,951 Mitchell Crest Suite 477-East Keith- PW 34504,sonyasimon48@gmail.com,+1-213-542-1388x209,1/25/1990
360,Allison Harris,USCGC Dennis-FPO AP 17039,allisonharris74@gmail.com,741.317.6741x241,6/11/1997
361,Benjamin Moore,815 Ryan Squares Suite 380-East Derrickfurt- VI 29364,benjaminmoore37@gmail.com,+1-234-872-7274x23183,9/3/1990
362,Christine Thompson,693 Washington Shoals Apt. 434-Henryfurt- PA 47310,christinethompson63@gmail.com,-2753,8/16/1996
363,John Flores,277 Mcdaniel Burgs Suite 483-Brownmouth- KS 88973,johnflores55@gmail.com,966-876-6404x73504,3/19/1992
364,Kimberly Chan,98006 Kimberly Isle Suite 810-West Amanda- GA 70716,kimberlychan44@gmail.com,(334)825-5638x3000,11/29/1997
365,Douglas Johnson,41662 Atkins Club-New Jenniferchester- AK 02433,douglasjohnson61@gmail.com,001-289-621-9639x4568,9/27/1992
366,Dennis Douglas,1368 Webb Squares Apt. 607-Beanside- VT 14696,dennisdouglas32@gmail.com,739.406.3757x914,2/4/1998
367,Anna Jackson,312 Jensen Mountains Apt. 074-Collinsmouth- MP 20242,annajackson73@gmail.com,9599960438,2/17/1993
368,Erica Fletcher,61620 April Crossing-East Samuel- DE 05620,ericafletcher10@gmail.com,(672)787-2866x04164,2/25/1996
369,Matthew Thomas,589 Kennedy Fords-Saraberg- GA 69232,matthewthomas92@gmail.com,001-570-356-2271x043,5/18/1995
370,Antonio Harrison,835 Sarah Harbor Suite 694-Claudiafurt- KS 74047,antonioharrison57@gmail.com,-2364,4/8/1991
371,Maria Reyes,973 Aaron Fort Apt. 192-East Thomas- AL 42881,mariareyes74@gmail.com,302-587-6754,8/8/1995
372,James Wells,193 Sonia Village Suite 268-Henryview- TX 16261,jameswells76@gmail.com,-6840,10/28/1993
373,Paul Smith,94515 Shaw Bridge-Arthurview- SD 63249,paulsmith69@gmail.com,(304)240-9079x7727,9/11/1993
374,Michelle Thornton,61070 Davis Plains-Tonyaborough- SD 80979,michellethornton42@gmail.com,001-505-452-9580x6601,4/16/1997
375,Jeremy Hill,04485 Matthew Port Apt. 971-North Ianland- HI 42116,jeremyhill16@gmail.com,001-602-503-5713,6/22/1997
376,Emily Gray,95633 Stephenson Fall Suite 474-South Michaelstad- MI 84626,emilygray69@gmail.com,772.609.6289x36543,11/28/1990
377,Deanna Mcdonald,272 Willis Landing-Barrettton- MD 92420,deannamcdonald39@gmail.com,450-726-7551,1/23/1993
378,Cody Johnson,966 Flowers Glen Suite 957-Evansbury- WV 66949,codyjohnson37@gmail.com,466-649-6902,11/12/1998
379,Terri Gonzalez,Unit 2250 Box 1425-DPO AA 52404,terrigonzalez85@gmail.com,(470)523-2441,7/30/1998
380,Nathaniel Moore,72517 Hale Mountains Suite 731-Andersonberg- MO 43376,nathanielmoore74@gmail.com,569-768-1579x0392,8/16/1993
381,April Greene,327 Bradley Hollow-Davisfurt- SD 24077,aprilgreene36@gmail.com,(924)346-7046x22681,6/18/1993
382,Mary Sullivan,2986 Smith Shoal-Hendersonton- ME 56204,marysullivan37@gmail.com,819-878-5758x512,9/14/1998
383,Adam Vaughan,89760 Campbell Crossing Suite 750-Johnnymouth- TX 39317,adamvaughan46@gmail.com,001-308-742-4560x75409,4/26/1997
384,Jennifer Thompson,276 Reed Mount-Port Rebecca- VA 69124,jenniferthompson45@gmail.com,001-370-815-5029,2/16/1995
385,Gail Walsh,24161 Ashley Hollow Apt. 059-Lewischester- KY 98394,gailwalsh36@gmail.com,001-524-280-9624x406,10/27/1997
386,Denise Ford,33053 Cheryl Stream Suite 969-Amberfort- OH 02148,deniseford21@gmail.com,255-357-2773x82646,4/24/1996
387,Haley Clark,Unit 5445 Box 7702-DPO AP 77169,haleyclark47@gmail.com,(995)596-6048,10/2/1993
388,Jamie Rush,31942 Katie Street Suite 865-South Rachel- KY 42365,jamierush93@gmail.com,001-451-458-8863x67747,12/31/1993
389,Ronald Hines,9666 Dana River-East Chelsea- NY 11053,ronaldhines70@gmail.com,+1-296-805-9329x715,7/10/1995
390,Sarah Martin,73524 Patricia Ford-Stevensmouth- IA 23684,sarahmartin90@gmail.com,981.895.2371x006,9/14/1990
391,David Baldwin,7046 Michael Stravenue-Pattersonville- CT 19635,davidbaldwin64@gmail.com,391-725-6523x734,6/2/1996
392,Steven Vasquez,4757 Carroll Ranch Apt. 228-Anthonystad- OK 48043,stevenvasquez36@gmail.com,001-644-829-4774x222,7/28/1992
393,Samuel Aguilar,5886 Montgomery Extension-Dawnshire- PR 66180,samuelaguilar58@gmail.com,585-667-2872x76015,1/24/1992
394,Lee Daniel,7790 Judith Lakes-South Conniemouth- NY 09308,leedaniel10@gmail.com,488-581-0798x334,4/13/1992
395,Cassandra Krause,31284 Jared Gardens Suite 718-West Kristyland- ID 63192,cassandrakrause35@gmail.com,971-673-1893,9/11/1995
396,Shannon Rodriguez,970 Webster Rapid-Travisburgh- MA 66992,shannonrodriguez48@gmail.com,384.444.8354x8847,11/16/1994
397,William Ruiz,4175 James Coves-East Kyle- ME 42446,williamruiz61@gmail.com,001-487-414-9392x52362,4/4/1993
398,Kara Larson,47452 Cook Knoll Suite 746-Farmertown- WV 53464,karalarson68@gmail.com,6656274033,4/29/1998
399,Jeffrey Reyes,98741 John Islands-Davidshire- NJ 06530,jeffreyreyes51@gmail.com,001-767-934-9960x10548,3/28/1999
400,Chad Brady,29493 Samuel Islands Suite 884-East Kelseyland- VI 92153,chadbrady49@gmail.com,001-555-673-2573x755,7/21/1992
401,Allison Wilson,0808 Smith Mews Apt. 858-Campbellmouth- SC 09297,allisonwilson29@gmail.com,001-519-318-1828x1979,9/2/1997
402,Donald Hayes,512 Gibson Tunnel-Prestonfurt- OK 39011,donaldhayes52@gmail.com,6965003562,11/5/1995
403,Kim Valdez,923 Jamie Falls Apt. 089-Port Davidstad- CA 43421,kimvaldez90@gmail.com,333-834-2643x35027,4/3/1990
404,Sarah Clark,3369 Christopher Extensions Apt. 231-Yangstad- WA 42035,sarahclark80@gmail.com,(833)818-5748x17006,8/13/1999
405,Isaac Collins,16704 Williams Vista Apt. 290-New Eric- UT 62080,isaaccollins25@gmail.com,001-400-493-4596x26228,8/26/1993
406,Rachel Johnson,549 Johnson Burg Suite 070-South Brandon- MS 78948,racheljohnson17@gmail.com,001-982-821-0531x6117,7/24/1998
407,Brandy Morrison,7425 Krueger Skyway Apt. 779-East Jeffrey- DC 19191,brandymorrison55@gmail.com,611.464.9133,4/20/1997
408,Michael Murray,56529 Julie Union Suite 032-East Cynthiabury- GA 52505,michaelmurray66@gmail.com,909-377-5396x73794,6/13/1997
409,Kayla Rogers,Unit 2457 Box 8715-DPO AP 34955,kaylarogers39@gmail.com,356-308-2137,7/4/1995
410,Shane Parker,268 Donald Springs-Port Alvin- VA 98096,shaneparker82@gmail.com,(489)729-8808x583,8/3/1991
411,Madison Trevino,963 Williams Locks-Peterhaven- MT 62962,madisontrevino76@gmail.com,352.240.1484x399,7/20/1997
412,John Martin,Unit 3626 Box 6933-DPO AA 09745,johnmartin69@gmail.com,442.661.9237,8/9/1997
413,Bruce Collins,74189 Hernandez Throughway Suite 406-Danielmouth- NE 77175,brucecollins29@gmail.com,(774)538-1199,9/10/1998
414,Sara Richmond,4485 Estrada Glen-Christopherville- VT 64142,sararichmond27@gmail.com,897.839.6417,6/3/1990
415,Ryan Day,35996 Higgins Canyon-Deborahmouth- PR 60891,ryanday12@gmail.com,001-280-766-0392,12/27/1990
416,Rebecca Daniel,5534 Bowers Islands Suite 423-Joystad- WI 23052,rebeccadaniel31@gmail.com,915.459.8354x1165,7/25/1997
417,Scott Washington,2250 James Inlet Suite 882-Montgomeryland- ID 12738,scottwashington52@gmail.com,496-842-5856,1/14/1991
418,Robin Clay,3703 Elizabeth Harbor-South Jeffreybury- IA 30101,robinclay85@gmail.com,532.804.3097x768,11/11/1991
419,Jennifer Johnston,PSC 6454- Box 6553-APO AA 71328,jenniferjohnston16@gmail.com,(712)353-8921x878,1/27/1998
420,Michelle Robbins,4907 Crawford Mews-East Andrewmouth- OH 85734,michellerobbins46@gmail.com,6572215149,2/19/1997
421,Michael Bender DVM,8453 Thomas Plains Suite 090-Brianaland- RI 08840,michaelbenderdvm66@gmail.com,862.833.9220x71511,1/18/1998
422,John Boone,2647 Jack Locks Apt. 351-Shannonville- NC 34287,johnboone27@gmail.com,2902805120,4/8/1993
423,Robert Carroll,39728 Theresa Court-New Neil- HI 58264,robertcarroll71@gmail.com,001-328-727-0908x144,10/30/1996
424,Carol Garcia,578 Bowers Crescent-West Johnberg- IA 64826,carolgarcia53@gmail.com,360.750.7918,2/13/1999
425,Michaela Boyd,5273 Raymond Meadow-Grahamland- NM 03624,michaelaboyd31@gmail.com,515.387.9647x4080,1/26/1993
426,Stephanie Daniels,004 Lopez Plain-Port Marciachester- WA 67134,stephaniedaniels68@gmail.com,528.250.3172x35137,6/15/1990
427,Steven Wilson,526 Nathan Villages-Williamsberg- PA 32767,stevenwilson10@gmail.com,+1-646-594-3460x666,3/2/1998
428,Kyle Sims MD,31112 Jones Plain Suite 246-Amandaport- PR 75226,kylesimsmd76@gmail.com,911-963-1873x280,2/4/1991
429,Roy Lopez,69572 Harper Canyon-Port Jason- MD 06236,roylopez78@gmail.com,001-202-854-2573,10/19/1993
430,Kathy Perez,707 Megan Rapids Suite 822-Brianland- MT 68402,kathyperez19@gmail.com,-5754,10/24/1993
431,Robin Mack,098 Andrew View-Pinedafurt- LA 90365,robinmack47@gmail.com,+1-767-537-9457x727,6/12/1991
432,Carrie Coffey,Unit 2506 Box 4207-DPO AA 93652,carriecoffey25@gmail.com,-5526,6/10/1994
433,Jack Nguyen,33939 Mccullough Plaza-Brooksport- IL 51989,jacknguyen95@gmail.com,(571)587-4960,5/18/1993
434,Mary Giles,36924 Danielle Ports Apt. 265-Sanchezberg- WV 64291,marygiles56@gmail.com,799-580-1110x00515,6/8/1997
435,Elizabeth Jones,775 Keith Courts Apt. 226-New Reneechester- GA 74119,elizabethjones14@gmail.com,-4014,9/23/1994
436,Randall Willis,Unit 5799 Box 2707-DPO AP 74790,randallwillis32@gmail.com,(551)751-2294x621,12/3/1992
437,Rachel Gomez,Unit 7099 Box 6254-DPO AE 67796,rachelgomez85@gmail.com,780-275-2034x476,9/23/1992
438,Mary Hopkins MD,904 Gonzalez Mountains-Priceview- UT 49671,maryhopkinsmd50@gmail.com,358-966-5254x83744,3/10/1999
439,Melvin Flores,21312 Brown Ports-Port Christopher- CA 01765,melvinflores81@gmail.com,001-405-591-2975x1910,3/7/1999
440,Charlene Higgins,330 Paul Road Apt. 737-South Keith- TX 78070,charlenehiggins69@gmail.com,4725801234,12/31/1996
441,Angela Lopez,69496 Robinson Glen-Jillhaven- AL 86332,angelalopez97@gmail.com,+1-244-321-0175x09617,3/8/1993
442,Suzanne Wolfe,457 Harmon Neck-Victorfort- MD 72055,suzannewolfe62@gmail.com,001-933-992-0567x7567,7/12/1991
443,Janice Herring,2650 Moody Shore Apt. 292-North Allen- NJ 20148,janiceherring94@gmail.com,953-907-6248x433,4/30/1994
444,Caitlin Costa,57942 April Park-South Tracy- ME 83274,caitlincosta89@gmail.com,(654)796-9192,3/31/1997
445,Sharon Wood,Unit 1075 Box 6335-DPO AP 31098,sharonwood64@gmail.com,574-585-9532x59399,11/20/1994
446,Alec Dixon,518 Ford Stream-Carlfurt- WI 25821,alecdixon74@gmail.com,001-442-650-7330x55978,7/26/1999
447,Mr. Stephen Gonzalez,914 Jill Fields-Johnfurt- NE 92336,mr.stephengonzalez54@gmail.com,3447324006,8/25/1994
448,Brittany Garrett,1474 Jasmine Motorway Suite 292-Stephanieville- AR 43300,brittanygarrett83@gmail.com,-8405,10/13/1991
449,Paige Schneider,027 Sara Dam-North Alexandra- VT 31304,paigeschneider58@gmail.com,855-251-6517,4/1/1995
450,Jennifer Moore,2143 Brian Springs-North Dawnbury- NJ 06057,jennifermoore89@gmail.com,8332228556,2/7/1995
451,Alexander Espinoza,39033 Smith Squares-New Nicolehaven- MH 22020,alexanderespinoza76@gmail.com,(532)680-9448x5862,5/6/1993
452,David Wilson,9863 Daniel Loaf-Lake Sarahborough- ID 75239,davidwilson52@gmail.com,001-243-694-5703x9438,2/15/1990
453,Shannon Clark,USCGC Cortez-FPO AA 51717,shannonclark33@gmail.com,+1-227-278-9431x910,7/28/1998
454,Tara Turner,05336 Jones Mall-West Kayleeville- ME 19092,taraturner32@gmail.com,673-610-7201x137,3/24/1990
455,Amy Holt,600 Reynolds Mountain Suite 209-Lake Bryanview- VT 37406,amyholt66@gmail.com,001-973-540-4337x0096,2/26/1997
456,Donna Davis,255 Malik Route Suite 629-Watsonstad- WI 38832,donnadavis78@gmail.com,(478)765-6194,4/1/1999
457,Joanne Ryan,8295 Melissa Ports-Port Laura- GU 91362,joanneryan56@gmail.com,(416)518-8081x9048,11/3/1996
458,Katherine Nguyen,686 Barbara Summit Suite 137-Port Heather- WV 25185,katherinenguyen65@gmail.com,001-308-517-2143x643,3/27/1990
459,Bryan Lopez,47165 Smith Ranch-Matthewstad- IL 40318,bryanlopez34@gmail.com,(999)879-9070x75504,7/12/1997
460,Jenny Matthews,60717 Stephens Corner Apt. 176-Johnfort- AZ 42820,jennymatthews16@gmail.com,387-439-6102x9087,8/19/1994
461,Jasmine Buckley,9187 Rachel Hill-North Kelly- MA 56433,jasminebuckley35@gmail.com,421-837-7306,6/10/1990
462,Gerald Vega,711 Donald Streets-South Tylerchester- AK 93353,geraldvega34@gmail.com,658.716.7046x86111,9/30/1994
463,Dana Reilly,19237 Grant Neck-Port Dianashire- MT 15685,danareilly38@gmail.com,-5194,2/7/1995
464,Joseph Adams,53733 Mendoza Forest Apt. 268-East Elizabethhaven- FL 09413,josephadams58@gmail.com,281.792.3653x4606,10/21/1997
465,Michael Galvan,279 Lucas Throughway-East Carol- LA 65661,michaelgalvan22@gmail.com,001-616-990-6181x20546,7/2/1996
466,Mrs. Sara Jacobs,PSC 7876- Box 9899-APO AP 75734,mrs.sarajacobs30@gmail.com,(375)617-5889,4/16/1996
467,Shelly Wheeler,93543 Holmes Loop Suite 496-Port Chloe- WY 18756,shellywheeler71@gmail.com,001-543-558-8537x98214,12/25/1995
468,Gail Clay,67497 Thomas Rest Apt. 416-Smithborough- AS 33899,gailclay72@gmail.com,378.994.8963x4067,5/16/1994
469,Charles Martinez,14188 Anderson Court-Harrisshire- AR 01792,charlesmartinez15@gmail.com,659-744-6333,5/29/1998
470,Juan Stewart,89021 Pacheco Crossing Apt. 363-South Chelsea- MH 23247,juanstewart46@gmail.com,841.903.4699,2/19/1992
471,Bradley Marquez,608 Harris Spring Suite 685-Andrewhaven- RI 51343,bradleymarquez58@gmail.com,793.752.1962x633,1/19/1994
472,Earl Hall,93170 Armstrong Lake Suite 076-Blankenshipland- NE 33914,earlhall47@gmail.com,(534)254-7223x989,10/16/1999
473,Philip Davis,PSC 1980- Box 4184-APO AA 20034,philipdavis28@gmail.com,226-442-3642x8131,11/18/1992
474,Jay Jackson,111 Roth Fall-Port Stevenstad- VA 23952,jayjackson47@gmail.com,(282)230-5248,12/9/1993
475,John Bradford,473 Thompson Creek Apt. 290-South Derekport- NH 69824,johnbradford90@gmail.com,868.486.8785x9964,1/12/1995
476,Dr. Daniel Greene MD,6450 Freeman Terrace Apt. 362-Grimesberg- SD 40081,dr.danielgreenemd61@gmail.com,(932)403-7476x7753,2/27/1994
477,Travis Prince,PSC 4505- Box 7661-APO AP 39029,travisprince71@gmail.com,(488)270-7155x348,12/3/1999
478,Michael Nelson,850 Powell Union-Reedmouth- LA 48731,michaelnelson86@gmail.com,3894177680,5/1/1999
479,Matthew Gonzales,23196 Foster Canyon Apt. 402-South Ashley- MT 20377,matthewgonzales78@gmail.com,(489)943-0120x47137,2/22/1991
480,Robin Cooper,4988 Welch Islands Apt. 984-East Lisa- NE 63860,robincooper43@gmail.com,558-547-6094x412,10/22/1998
481,Taylor Howe,6695 Miller Estates Suite 150-Sullivanchester- FL 54794,taylorhowe10@gmail.com,805.551.4377x6936,11/12/1992
482,Carmen Moore,11102 Vasquez Course Apt. 007-North Dennis- MP 48573,carmenmoore41@gmail.com,+1-259-510-2451x09109,11/23/1997
483,Samantha Henry,819 Taylor Mountain Suite 281-Obrienport- AZ 52063,samanthahenry77@gmail.com,527-975-8446x63453,6/28/1991
484,Bobby Matthews,2214 Watts Prairie-Lake Timothy- MT 16572,bobbymatthews85@gmail.com,+1-289-243-7052x6351,5/30/1998
485,Jean Hess,572 Mcgee Station Suite 592-Port Kristaview- MT 12719,jeanhess94@gmail.com,252.202.3897x4326,4/25/1996
486,Rebecca Watson,332 Becker Walks Suite 868-South Kayla- VA 05668,rebeccawatson47@gmail.com,398.948.7045x069,4/18/1998
487,John Wilkerson,374 Snow Walk Apt. 394-Bakerhaven- IN 05815,johnwilkerson76@gmail.com,873.260.6014,1/7/1995
488,Rebecca Bowman,9388 Chan Walk-South Ann- MA 23731,rebeccabowman58@gmail.com,-6160,4/24/1999
489,Caroline Carter,3251 Collins Plains-North Tonyaville- PR 00937,carolinecarter63@gmail.com,914.321.7518,10/24/1994
490,Rachel Kelly,3840 Victoria Estates-West Ethan- GU 90879,rachelkelly29@gmail.com,-7047,9/4/1991
491,Karen Willis,787 Morris Land-North Benjamin- ID 00988,karenwillis29@gmail.com,001-350-455-6057,6/6/1998
492,Kristina Wilson,851 Kristi Route Suite 348-Carterville- AR 39849,kristinawilson48@gmail.com,+1-624-862-4561x85174,3/25/1990
493,Mrs. Michelle Kane,USS Cox-FPO AE 35130,mrs.michellekane12@gmail.com,001-355-612-9391x30448,1/23/1999
494,Ashlee Powell,USNV Ellison-FPO AA 12686,ashleepowell39@gmail.com,+1-854-302-1190x17075,8/23/1992
495,Kristina Bauer,91073 Gary View-South Adam- NC 36324,kristinabauer70@gmail.com,001-837-583-0639,4/1/1998
496,Chad Beltran,3916 Wong Parks Apt. 169-Lake Johnny- DC 76079,chadbeltran45@gmail.com,(391)832-0330,5/1/1991
497,Tyler Andrews,061 Clark Divide-Lake Deborah- DE 48834,tylerandrews24@gmail.com,966-684-7323x65337,5/17/1994
498,Jeffrey Moore,784 Robert Heights-West Joshua- NE 02305,jeffreymoore51@gmail.com,681.497.5437x3476,10/21/1994
499,Casey Norman,88214 Boyd Spurs Apt. 484-Smithshire- FM 14541,caseynorman21@gmail.com,944.238.9982,6/29/1991
